Title,"Video Directory","1080p URL","720p URL","360p URL","File Name 720p","Audio Directory","Audio URL","Document Directory","Document URL",Category,"Release Date","YouTube URL",GUID
"The Family is Ordained of God","/Videos/General Conference/2015-April/01-GWM",http://media2.ldscdn.org/assets/general-conference/april-2015-general-conference/2015-03-0030-the-family-is-ordained-of-god-1080p-eng.mp4,http://media2.ldscdn.org/assets/general-conference/april-2015-general-conference/2015-03-0030-the-family-is-ordained-of-god-720p-eng.mp4,http://media2.ldscdn.org/assets/general-conference/april-2015-general-conference/2015-03-0030-the-family-is-ordained-of-god-360p-eng.mp4,2015-03-0030-the-family-is-ordained-of-god-720p-eng.mp4,"/Audio/General Conference/2015-April/01-GWM",http://media2.ldscdn.org/assets/general-conference/april-2015-general-conference/2015-03-0030-the-family-is-ordained-of-god-64k-eng.mp3,,,"General Women's Session March 2015",20150328,https://youtu.be/Sx4yGDidpVU,517D3849-8E4C-4DA1-81D3-DE298F666054
"Musical Presentation: The Family Is of God","/Videos/General Conference/2015-April/01-GWM",http://media2.ldscdn.org/assets/general-conference/april-2015-general-conference/2015-03-0002-musical-presentation-the-family-is-of-god-1080p-eng.mp4,http://media2.ldscdn.org/assets/general-conference/april-2015-general-conference/2015-03-0002-musical-presentation-the-family-is-of-god-720p-eng.mp4,http://media2.ldscdn.org/assets/general-conference/april-2015-general-conference/2015-03-0002-musical-presentation-the-family-is-of-god-360p-eng.mp4,2015-03-0002-musical-presentation-the-family-is-of-god-720p-eng.mp4,"/Audio/General Conference/2015-April/01-GWM",http://media2.ldscdn.org/assets/general-conference/april-2015-general-conference/2015-03-0002-musical-presentation-the-family-is-of-god-256k-eng.mp3,,,"General Women's Session March 2015",20150401,https://youtu.be/GIyHi_bMTxE,6F3B5413-E959-46EF-A447-5B8928E9C525
"The Family Is of God","/Videos/General Conference/2015-April/01-GWM",http://media2.ldscdn.org/assets/general-conference/april-2015-general-conference/2015-03-0020-carole-m-stephens-1080p-eng.mp4,http://media2.ldscdn.org/assets/general-conference/april-2015-general-conference/2015-03-0020-carole-m-stephens-720p-eng.mp4,http://media2.ldscdn.org/assets/general-conference/april-2015-general-conference/2015-03-0020-carole-m-stephens-360p-eng.mp4,2015-03-0020-carole-m-stephens-720p-eng.mp4,"/Audio/General Conference/2015-April/01-GWM",http://media2.ldscdn.org/assets/general-conference/april-2015-general-conference/2015-03-0020-carole-m-stephens-64k-eng.mp3,,,"General Women's Session March 2015",20150406,https://youtu.be/jzOTLGuCSsE,53E9857F-E8F4-4F75-AF5D-C0A736318E34
"How Firm a Foundation","/Videos/General Conference/2015-April/01-GWM",http://media2.ldscdn.org/assets/general-conference/april-2015-general-conference/2015-03-0001-how-firm-a-foundation-1080p-eng.mp4,http://media2.ldscdn.org/assets/general-conference/april-2015-general-conference/2015-03-0001-how-firm-a-foundation-720p-eng.mp4,http://media2.ldscdn.org/assets/general-conference/april-2015-general-conference/2015-03-0001-how-firm-a-foundation-360p-eng.mp4,2015-03-0001-how-firm-a-foundation-720p-eng.mp4,"/Audio/General Conference/2015-April/01-GWM",http://media2.ldscdn.org/assets/general-conference/april-2015-general-conference/2015-03-0001-how-firm-a-foundation-256k-eng.mp3,,,"General Women's Session March 2015",20150412,https://youtu.be/WPKU9M2JjnQ,6DBC30E6-8193-4A71-9149-AD64EFB31FFD
"Filling Our Homes with Light and Truth","/Videos/General Conference/2015-April/01-GWM",http://media2.ldscdn.org/assets/general-conference/april-2015-general-conference/2015-03-0010-cheryl-a-esplin-1080p-eng.mp4,http://media2.ldscdn.org/assets/general-conference/april-2015-general-conference/2015-03-0010-cheryl-a-esplin-720p-eng.mp4,http://media2.ldscdn.org/assets/general-conference/april-2015-general-conference/2015-03-0010-cheryl-a-esplin-360p-eng.mp4,2015-03-0010-cheryl-a-esplin-720p-eng.mp4,"/Audio/General Conference/2015-April/01-GWM",http://media2.ldscdn.org/assets/general-conference/april-2015-general-conference/2015-03-0010-cheryl-a-esplin-64k-eng.mp3,,,"General Women's Session March 2015",20150503,https://youtu.be/ZrnaSYF4PZI,D9B7B58A-6E5B-44EA-9D0A-77FA6A9C4282
"Defenders of the Family Proclamation","/Videos/General Conference/2015-April/01-GWM",http://media2.ldscdn.org/assets/general-conference/april-2015-general-conference/2015-03-0040-bonnie-l-oscarson-1080p-eng.mp4,http://media2.ldscdn.org/assets/general-conference/april-2015-general-conference/2015-03-0040-bonnie-l-oscarson-720p-eng.mp4,http://media2.ldscdn.org/assets/general-conference/april-2015-general-conference/2015-03-0040-bonnie-l-oscarson-360p-eng.mp4,2015-03-0040-bonnie-l-oscarson-720p-eng.mp4,"/Audio/General Conference/2015-April/01-GWM",http://media2.ldscdn.org/assets/general-conference/april-2015-general-conference/2015-03-0040-bonnie-l-oscarson-64k-eng.mp3,"/Docs/General Conference/2015-April/01-GWM",http://media.ldscdn.org/pdf/general-conference/april-2015-general-conference/2015-03-0040-bonnie-l-oscarson-eng.pdf,"General Women's Session March 2015",20150413,https://youtu.be/VBQEwD2BAqE,6C2F15D9-C38F-4FFF-8939-E22FDF226519
"Our Savior’s Love","/Videos/General Conference/2015-April/01-GWM",http://media2.ldscdn.org/assets/general-conference/april-2015-general-conference/2015-03-0051-our-saviors-love-1080p-eng.mp4,http://media2.ldscdn.org/assets/general-conference/april-2015-general-conference/2015-03-0051-our-saviors-love-720p-eng.mp4,http://media2.ldscdn.org/assets/general-conference/april-2015-general-conference/2015-03-0051-our-saviors-love-360p-eng.mp4,2015-03-0051-our-saviors-love-720p-eng.mp4,"/Audio/General Conference/2015-April/01-GWM",http://media2.ldscdn.org/assets/general-conference/april-2015-general-conference/2015-03-0051-our-saviors-love-256k-eng.mp3,,,"General Women's Session March 2015",20150414,https://youtu.be/LfdT10uFRy4,52867743-B185-40A0-AB9D-DA85DFE5889C
"The Comforter","/Videos/General Conference/2015-April/01-GWM",http://media2.ldscdn.org/assets/general-conference/april-2015-general-conference/2015-03-0050-president-henry-b-eyring-1080p-eng.mp4,http://media2.ldscdn.org/assets/general-conference/april-2015-general-conference/2015-03-0050-president-henry-b-eyring-720p-eng.mp4,http://media2.ldscdn.org/assets/general-conference/april-2015-general-conference/2015-03-0050-president-henry-b-eyring-360p-eng.mp4,2015-03-0050-president-henry-b-eyring-720p-eng.mp4,"/Audio/General Conference/2015-April/01-GWM",http://media2.ldscdn.org/assets/general-conference/april-2015-general-conference/2015-03-0050-president-henry-b-eyring-64k-eng.mp3,"/Docs/General Conference/2015-April/01-GWM",,"General Women's Session March 2015",20150414,https://youtu.be/LwriB9hAkkU,BD870C55-0A22-4785-9B2C-4DE51F3107B4
"From Homes of Saints Glad Songs Arise","/Videos/General Conference/2015-April/01-GWM",http://media2.ldscdn.org/assets/general-conference/april-2015-general-conference/2015-03-0031-from-homes-of-saints-glad-songs-arise-1080p-eng.mp4,http://media2.ldscdn.org/assets/general-conference/april-2015-general-conference/2015-03-0031-from-homes-of-saints-glad-songs-arise-720p-eng.mp4,http://media2.ldscdn.org/assets/general-conference/april-2015-general-conference/2015-03-0031-from-homes-of-saints-glad-songs-arise-360p-eng.mp4,2015-03-0031-from-homes-of-saints-glad-songs-arise-720p-eng.mp4,"/Audio/General Conference/2015-April/01-GWM",http://media2.ldscdn.org/assets/general-conference/april-2015-general-conference/2015-03-0031-from-homes-of-saints-glad-songs-arise-256k-eng.mp3,,,"General Women's Session March 2015",20150415,https://youtu.be/FRIbykSxsQ8,3DACBA34-80A2-4E1D-BED3-59DFE7BDD9FE
"Hymn Medley","/Videos/General Conference/2015-April/01-GWM",http://media2.ldscdn.org/assets/general-conference/april-2015-general-conference/2015-03-0041-hymn-medley-1080p-eng.mp4,http://media2.ldscdn.org/assets/general-conference/april-2015-general-conference/2015-03-0041-hymn-medley-720p-eng.mp4,http://media2.ldscdn.org/assets/general-conference/april-2015-general-conference/2015-03-0041-hymn-medley-360p-eng.mp4,2015-03-0041-hymn-medley-720p-eng.mp4,"/Audio/General Conference/2015-April/01-GWM",,,,"General Women's Session March 2015",20150415,https://youtu.be/nYh0zEkP_YY,8AF3612E-C393-4A6A-8DDE-1DE86D8F8F7C
"Master, the Tempest Is Raging","/Videos/General Conference/2015-April/04-Priesthood",http://media2.ldscdn.org/assets/general-conference/april-2015-general-conference/2015-04-3061-master-the-tempest-is-raging-1080p-eng.mp4,http://media2.ldscdn.org/assets/general-conference/april-2015-general-conference/2015-04-3061-master-the-tempest-is-raging-720p-eng.mp4,http://media2.ldscdn.org/assets/general-conference/april-2015-general-conference/2015-04-3061-master-the-tempest-is-raging-360p-eng.mp4,2015-04-3061-master-the-tempest-is-raging-720p-eng.mp4,"/Audio/General Conference/2015-April/04-Priesthood",http://media2.ldscdn.org/assets/general-conference/april-2015-general-conference/2015-04-3061-master-the-tempest-is-raging-256k-eng.mp3,,,"Priesthood Session April 2015",20150716,https://youtu.be/bsQ4NHCYrmg,35E11A4F-B2E3-4164-B323-08AC04FC94D1
"The Greatest Generation of Young Adults","/Videos/General Conference/2015-April/04-Priesthood",http://media2.ldscdn.org/assets/general-conference/april-2015-general-conference/2015-04-3010-elder-m-russell-ballard-1080p-eng.mp4,http://media2.ldscdn.org/assets/general-conference/april-2015-general-conference/2015-04-3010-elder-m-russell-ballard-720p-eng.mp4,http://media2.ldscdn.org/assets/general-conference/april-2015-general-conference/2015-04-3010-elder-m-russell-ballard-360p-eng.mp4,2015-04-3010-elder-m-russell-ballard-720p-eng.mp4,"/Audio/General Conference/2015-April/04-Priesthood",http://media2.ldscdn.org/assets/general-conference/april-2015-general-conference/2015-04-3010-elder-m-russell-ballard-64k-eng.mp3,,,"Priesthood Session April 2015",20150412,https://youtu.be/9bLsSj__J_c,6F263405-FD21-4EC0-99DE-0A853A9E7AC7
"Yes, We Can and Will Win!","/Videos/General Conference/2015-April/04-Priesthood",http://media2.ldscdn.org/assets/general-conference/april-2015-general-conference/2015-04-3020-elder-ulisses-soares-1080p-eng.mp4,http://media2.ldscdn.org/assets/general-conference/april-2015-general-conference/2015-04-3020-elder-ulisses-soares-720p-eng.mp4,http://media2.ldscdn.org/assets/general-conference/april-2015-general-conference/2015-04-3020-elder-ulisses-soares-360p-eng.mp4,2015-04-3020-elder-ulisses-soares-720p-eng.mp4,"/Audio/General Conference/2015-April/03-Sat PM",http://media2.ldscdn.org/assets/general-conference/april-2015-general-conference/2015-04-3020-elder-ulisses-soares-64k-eng.mp3,,,"Priesthood Session April 2015",20150420,https://youtu.be/4vWaZ2Hs9dg,
"Fatherhood—Our Eternal Destiny","/Videos/General Conference/2015-April/04-Priesthood",http://media2.ldscdn.org/assets/general-conference/april-2015-general-conference/2015-04-3030-larry-m-gibson-1080p-eng.mp4,http://media2.ldscdn.org/assets/general-conference/april-2015-general-conference/2015-04-3030-larry-m-gibson-720p-eng.mp4,http://media2.ldscdn.org/assets/general-conference/april-2015-general-conference/2015-04-3030-larry-m-gibson-360p-eng.mp4,2015-04-3030-larry-m-gibson-720p-eng.mp4,"/Audio/General Conference/2015-April/04-Priesthood",http://media2.ldscdn.org/assets/general-conference/april-2015-general-conference/2015-04-3030-larry-m-gibson-64k-eng.mp3,,,"Priesthood Session April 2015",20150424,https://youtu.be/0A9YOGXLh08,69E6B09A-E6EF-4A0C-89AB-FCE0882103DD
"On Being Genuine","/Videos/General Conference/2015-April/04-Priesthood",http://media2.ldscdn.org/assets/general-conference/april-2015-general-conference/2015-04-3040-president-dieter-f-uchtdorf-1080p-eng.mp4,http://media2.ldscdn.org/assets/general-conference/april-2015-general-conference/2015-04-3040-president-dieter-f-uchtdorf-720p-eng.mp4,http://media2.ldscdn.org/assets/general-conference/april-2015-general-conference/2015-04-3040-president-dieter-f-uchtdorf-360p-eng.mp4,2015-04-3040-president-dieter-f-uchtdorf-720p-eng.mp4,"/Audio/General Conference/2015-April/04-Priesthood",http://media2.ldscdn.org/assets/general-conference/april-2015-general-conference/2015-04-3040-president-dieter-f-uchtdorf-64k-eng.mp3,"/Docs/General Conference/2015-April/04-Priesthood",http://media.ldscdn.org/pdf/general-conference/april-2015-general-conference/2015-04-3040-president-dieter-f-uchtdorf-eng.pdf,"Priesthood Session April 2015",20150424,https://youtu.be/ihr1pUypXMc,E096B1A6-A16A-4B2D-9E07-1AE12E36954D
"Priesthood and Personal Prayer","/Videos/General Conference/2015-April/04-Priesthood",http://media2.ldscdn.org/assets/general-conference/april-2015-general-conference/2015-04-3050-president-henry-b-eyring-1080p-eng.mp4,http://media2.ldscdn.org/assets/general-conference/april-2015-general-conference/2015-04-3050-president-henry-b-eyring-720p-eng.mp4,http://media2.ldscdn.org/assets/general-conference/april-2015-general-conference/2015-04-3050-president-henry-b-eyring-360p-eng.mp4,2015-04-3050-president-henry-b-eyring-720p-eng.mp4,"/Audio/General Conference/2015-April/04-Priesthood",http://media2.ldscdn.org/assets/general-conference/april-2015-general-conference/2015-04-3050-president-henry-b-eyring-64k-eng.mp3,"/Docs/General Conference/2015-April/04-Priesthood",http://media.ldscdn.org/pdf/general-conference/april-2015-general-conference/2015-04-3050-president-henry-b-eyring-eng.pdf,"Priesthood Session April 2015",20150427,https://youtu.be/ba1-6gYDros,66790B44-A76E-4EAB-B347-C9D713819DD3
"The Priesthood—a Sacred Gift","/Videos/General Conference/2015-April/04-Priesthood",http://media2.ldscdn.org/assets/general-conference/april-2015-general-conference/2015-04-3060-president-thomas-s-monson-1080p-eng.mp4,http://media2.ldscdn.org/assets/general-conference/april-2015-general-conference/2015-04-3060-president-thomas-s-monson-720p-eng.mp4,http://media2.ldscdn.org/assets/general-conference/april-2015-general-conference/2015-04-3060-president-thomas-s-monson-360p-eng.mp4,2015-04-3060-president-thomas-s-monson-720p-eng.mp4,"/Audio/General Conference/2015-April/04-Priesthood",http://media2.ldscdn.org/assets/general-conference/april-2015-general-conference/2015-04-3060-president-thomas-s-monson-64k-eng.mp3,"/Docs/General Conference/2015-April/04-Priesthood",http://media.ldscdn.org/pdf/general-conference/april-2015-general-conference/2015-04-3060-president-thomas-s-monson-eng.pdf,"Priesthood Session April 2015",20150427,https://youtu.be/xmZQ54laj2A,431E8505-9CA4-4773-AB33-B2D1F86456DB
"For the Strength of the Hills","/Videos/General Conference/2015-April/04-Priesthood",http://media2.ldscdn.org/assets/general-conference/april-2015-general-conference/2015-04-3001-for-the-strength-of-the-hills-1080p-eng.mp4,http://media2.ldscdn.org/assets/general-conference/april-2015-general-conference/2015-04-3001-for-the-strength-of-the-hills-720p-eng.mp4,http://media2.ldscdn.org/assets/general-conference/april-2015-general-conference/2015-04-3001-for-the-strength-of-the-hills-360p-eng.mp4,2015-04-3001-for-the-strength-of-the-hills-720p-eng.mp4,"/Audio/General Conference/2015-April/04-Priesthood",http://media2.ldscdn.org/assets/general-conference/april-2015-general-conference/2015-04-3001-for-the-strength-of-the-hills-256k-eng.mp3,,,"Priesthood Session April 2015",20150430,https://youtu.be/xm7Q616bt14,62C1D949-1660-4C62-B4CD-719D504B9323
"On This Day of Joy and Gladness","/Videos/General Conference/2015-April/04-Priesthood",http://media2.ldscdn.org/assets/general-conference/april-2015-general-conference/2015-04-3002-on-this-day-of-joy-and-gladness-1080p-eng.mp4,http://media2.ldscdn.org/assets/general-conference/april-2015-general-conference/2015-04-3002-on-this-day-of-joy-and-gladness-720p-eng.mp4,http://media2.ldscdn.org/assets/general-conference/april-2015-general-conference/2015-04-3002-on-this-day-of-joy-and-gladness-360p-eng.mp4,2015-04-3002-on-this-day-of-joy-and-gladness-720p-eng.mp4,"/Audio/General Conference/2015-April/04-Priesthood",http://media2.ldscdn.org/assets/general-conference/april-2015-general-conference/2015-04-3002-on-this-day-of-joy-and-gladness-256k-eng.mp3,,,"Priesthood Session April 2015",20150430,https://youtu.be/a4QBsadqMPE,3CD0570B-C993-4AAD-9B64-87FF7C74BC54
"Hark, All Ye Nations!","/Videos/General Conference/2015-April/04-Priesthood",http://media2.ldscdn.org/assets/general-conference/april-2015-general-conference/2015-04-3031-hark-all-ye-nations-1080p-eng.mp4,http://media2.ldscdn.org/assets/general-conference/april-2015-general-conference/2015-04-3031-hark-all-ye-nations-720p-eng.mp4,http://media2.ldscdn.org/assets/general-conference/april-2015-general-conference/2015-04-3031-hark-all-ye-nations-360p-eng.mp4,2015-04-3031-hark-all-ye-nations-720p-eng.mp4,"/Audio/General Conference/2015-April/04-Priesthood",http://media2.ldscdn.org/assets/general-conference/april-2015-general-conference/2015-04-3031-hark-all-ye-nations-256k-eng.mp3,,,"Priesthood Session April 2015",20150430,https://youtu.be/V8sIFv_co98,138A48CB-F880-4D0E-9DDD-C6F56E2F6B63
"The Sustaining of Church Officers","/Videos/General Conference/2015-April/03-Sat PM",http://media2.ldscdn.org/assets/general-conference/april-2015-general-conference/2015-04-2010-the-sustaining-of-church-officers-1080p-eng.mp4,http://media2.ldscdn.org/assets/general-conference/april-2015-general-conference/2015-04-2010-the-sustaining-of-church-officers-720p-eng.mp4,http://media2.ldscdn.org/assets/general-conference/april-2015-general-conference/2015-04-2010-the-sustaining-of-church-officers-360p-eng.mp4,2015-04-2010-the-sustaining-of-church-officers-720p-eng.mp4,"/Audio/General Conference/2015-April/03-Sat PM",http://media2.ldscdn.org/assets/general-conference/april-2015-general-conference/2015-04-2010-the-sustaining-of-church-officers-64k-eng.mp3,"/Docs/General Conference/2015-April/03-Sat PM",http://media.ldscdn.org/pdf/general-conference/april-2015-general-conference/2015-04-2010-the-sustaining-of-church-officers-eng.pdf,"Saturday Afternoon Session April 2015",20150416,https://youtu.be/VV19z3RbTpM,83665B3B-40B3-4B1F-9735-1D4D41E5768B
"Church Auditing Department Report, 2014","/Videos/General Conference/2015-April/03-Sat PM",http://media2.ldscdn.org/assets/general-conference/april-2015-general-conference/2015-04-2020-church-auditing-department-report-2014-1080p-eng.mp4,http://media2.ldscdn.org/assets/general-conference/april-2015-general-conference/2015-04-2020-church-auditing-department-report-2014-720p-eng.mp4,http://media2.ldscdn.org/assets/general-conference/april-2015-general-conference/2015-04-2020-church-auditing-department-report-2014-360p-eng.mp4,2015-04-2020-church-auditing-department-report-2014-720p-eng.mp4,"/Audio/General Conference/2015-April/03-Sat PM",http://media2.ldscdn.org/assets/general-conference/april-2015-general-conference/2015-04-2020-church-auditing-department-report-2014-64k-eng.mp3,,,"Saturday Afternoon Session April 2015",20150416,https://youtu.be/B6y4A-3aVSE,9AF92C84-1B75-49D7-A189-FEC5DF0EBA9C
"Statistical Report, 2014","/Videos/General Conference/2015-April/03-Sat PM",http://media2.ldscdn.org/assets/general-conference/april-2015-general-conference/2015-04-2030-statistical-report-2014-1080p-eng.mp4,http://media2.ldscdn.org/assets/general-conference/april-2015-general-conference/2015-04-2030-statistical-report-2014-720p-eng.mp4,http://media2.ldscdn.org/assets/general-conference/april-2015-general-conference/2015-04-2030-statistical-report-2014-360p-eng.mp4,2015-04-2030-statistical-report-2014-720p-eng.mp4,"/Audio/General Conference/2015-April/03-Sat PM",http://media2.ldscdn.org/assets/general-conference/april-2015-general-conference/2015-04-2030-statistical-report-2014-64k-eng.mp3,"/Docs/General Conference/2015-April/03-Sat PM",http://media.ldscdn.org/pdf/general-conference/april-2015-general-conference/2015-04-2030-statistical-report-2014-eng.pdf,"Saturday Afternoon Session April 2015",20150416,https://youtu.be/bwj-_55O3Io,71B3FF64-241C-4BC2-81A1-14C9DE1579A4
"Therefore They Hushed Their Fears","/Videos/General Conference/2015-April/03-Sat PM",http://media2.ldscdn.org/assets/general-conference/april-2015-general-conference/2015-04-2040-elder-david-a-bednar-1080p-eng.mp4,http://media2.ldscdn.org/assets/general-conference/april-2015-general-conference/2015-04-2040-elder-david-a-bednar-720p-eng.mp4,http://media2.ldscdn.org/assets/general-conference/april-2015-general-conference/2015-04-2040-elder-david-a-bednar-360p-eng.mp4,2015-04-2040-elder-david-a-bednar-720p-eng.mp4,"/Audio/General Conference/2015-April/03-Sat PM",http://media2.ldscdn.org/assets/general-conference/april-2015-general-conference/2015-04-2040-elder-david-a-bednar-64k-eng.mp3,"/Docs/General Conference/2015-April/03-Sat PM",http://media.ldscdn.org/pdf/general-conference/april-2015-general-conference/2015-04-2040-elder-david-a-bednar-eng.pdf,"Saturday Afternoon Session April 2015",20150418,https://youtu.be/muKEiucoRg0,B0093CED3A05428F9DF02F11B085BE9A
"Why Marriage, Why Family","/Videos/General Conference/2015-April/03-Sat PM",http://media2.ldscdn.org/assets/general-conference/april-2015-general-conference/2015-04-2050-elder-d-todd-christofferson-1080p-eng.mp4,http://media2.ldscdn.org/assets/general-conference/april-2015-general-conference/2015-04-2050-elder-d-todd-christofferson-720p-eng.mp4,http://media2.ldscdn.org/assets/general-conference/april-2015-general-conference/2015-04-2050-elder-d-todd-christofferson-360p-eng.mp4,2015-04-2050-elder-d-todd-christofferson-720p-eng.mp4,"/Audio/General Conference/2015-April/03-Sat PM",http://media2.ldscdn.org/assets/general-conference/april-2015-general-conference/2015-04-2050-elder-d-todd-christofferson-64k-eng.mp3,,,"Saturday Afternoon Session April 2015",20150418,https://youtu.be/x0_BF_jz_nk,
"The Music of the Gospel","/Videos/General Conference/2015-April/03-Sat PM",http://media2.ldscdn.org/assets/general-conference/april-2015-general-conference/2015-04-2060-elder-wilford-w-andersen-1080p-eng.mp4,http://media2.ldscdn.org/assets/general-conference/april-2015-general-conference/2015-04-2060-elder-wilford-w-andersen-720p-eng.mp4,http://media2.ldscdn.org/assets/general-conference/april-2015-general-conference/2015-04-2060-elder-wilford-w-andersen-360p-eng.mp4,2015-04-2060-elder-wilford-w-andersen-720p-eng.mp4,"/Audio/General Conference/2015-April/03-Sat PM",http://media2.ldscdn.org/assets/general-conference/april-2015-general-conference/2015-04-2060-elder-wilford-w-andersen-64k-eng.mp3,"/Docs/General Conference/2015-April/03-Sat PM",http://media.ldscdn.org/pdf/general-conference/april-2015-general-conference/2015-04-2060-elder-wilford-w-andersen-eng.pdf,"Saturday Afternoon Session April 2015",20150418,https://youtu.be/8OhUsrOtR0U,C30F9B88-E927-4C64-8320-114D29B4A66F
"Latter-day Saints Keep on Trying","/Videos/General Conference/2015-April/03-Sat PM",http://media2.ldscdn.org/assets/general-conference/april-2015-general-conference/2015-04-2070-elder-dale-g-renlund-1080p-eng.mp4,http://media2.ldscdn.org/assets/general-conference/april-2015-general-conference/2015-04-2070-elder-dale-g-renlund-720p-eng.mp4,http://media2.ldscdn.org/assets/general-conference/april-2015-general-conference/2015-04-2070-elder-dale-g-renlund-360p-eng.mp4,2015-04-2070-elder-dale-g-renlund-720p-eng.mp4,"/Audio/General Conference/2015-April/03-Sat PM",http://media2.ldscdn.org/assets/general-conference/april-2015-general-conference/2015-04-2070-elder-dale-g-renlund-64k-eng.mp3,"/Docs/General Conference/2015-April/03-Sat PM",http://media.ldscdn.org/pdf/general-conference/april-2015-general-conference/2015-04-2070-elder-dale-g-renlund-eng.pdf,"Saturday Afternoon Session April 2015",20150418,https://youtu.be/JA94Hsbbkpg,519DE322-3507-4FBE-B45A-D8D95EBCEAFE
"Truly Good and without Guile","/Videos/General Conference/2015-April/03-Sat PM",http://media2.ldscdn.org/assets/general-conference/april-2015-general-conference/2015-04-2080-elder-michael-t-ringwood-1080p-eng.mp4,http://media2.ldscdn.org/assets/general-conference/april-2015-general-conference/2015-04-2080-elder-michael-t-ringwood-720p-eng.mp4,http://media2.ldscdn.org/assets/general-conference/april-2015-general-conference/2015-04-2080-elder-michael-t-ringwood-360p-eng.mp4,2015-04-2080-elder-michael-t-ringwood-720p-eng.mp4,"/Audio/General Conference/2015-April/03-Sat PM",http://media2.ldscdn.org/assets/general-conference/april-2015-general-conference/2015-04-2080-elder-michael-t-ringwood-64k-eng.mp3,"/Docs/General Conference/2015-April/03-Sat PM",http://media.ldscdn.org/pdf/general-conference/april-2015-general-conference/2015-04-2080-elder-michael-t-ringwood-eng.pdf,"Saturday Afternoon Session April 2015",20150419,https://youtu.be/GrZUZ0RjPvM,ACCFC1AD-F6D1-48E9-B2AE-710BDE19A915
"The Lord Is My Light","/Videos/General Conference/2015-April/03-Sat PM",http://media2.ldscdn.org/assets/general-conference/april-2015-general-conference/2015-04-2090-elder-quentin-l-cook-1080p-eng.mp4,http://media2.ldscdn.org/assets/general-conference/april-2015-general-conference/2015-04-2090-elder-quentin-l-cook-720p-eng.mp4,http://media2.ldscdn.org/assets/general-conference/april-2015-general-conference/2015-04-2090-elder-quentin-l-cook-360p-eng.mp4,2015-04-2090-elder-quentin-l-cook-720p-eng.mp4,"/Audio/General Conference/2015-April/03-Sat PM",http://media2.ldscdn.org/assets/general-conference/april-2015-general-conference/2015-04-2090-elder-quentin-l-cook-64k-eng.mp3,"/Docs/General Conference/2015-April/03-Sat PM",http://media.ldscdn.org/pdf/general-conference/april-2015-general-conference/2015-04-2090-elder-quentin-l-cook-eng.pdf,"Saturday Afternoon Session April 2015",20150419,https://youtu.be/i-mA5k6ljhE,53D15883-C58A-4025-A601-79172AFF4555
"Praise to the Lord, the Almighty","/Videos/General Conference/2015-April/03-Sat PM",http://media2.ldscdn.org/assets/general-conference/april-2015-general-conference/2015-04-2001-praise-to-the-lord-the-almighty-1080p-eng.mp4,http://media2.ldscdn.org/assets/general-conference/april-2015-general-conference/2015-04-2001-praise-to-the-lord-the-almighty-720p-eng.mp4,http://media2.ldscdn.org/assets/general-conference/april-2015-general-conference/2015-04-2001-praise-to-the-lord-the-almighty-360p-eng.mp4,2015-04-2001-praise-to-the-lord-the-almighty-720p-eng.mp4,"/Audio/General Conference/2015-April/03-Sat PM",http://media2.ldscdn.org/assets/general-conference/april-2015-general-conference/2015-04-2001-praise-to-the-lord-the-almighty-256k-eng.mp3,,,"Saturday Afternoon Session April 2015",20150419,https://youtu.be/Nueg_YRwcfY,DBB5B349-1AB0-4A3F-A219-654F6E8CC02A
"I Stand All Amazed","/Videos/General Conference/2015-April/03-Sat PM",http://media2.ldscdn.org/assets/general-conference/april-2015-general-conference/2015-04-2031-i-stand-all-amazed-1080p-eng.mp4,http://media2.ldscdn.org/assets/general-conference/april-2015-general-conference/2015-04-2031-i-stand-all-amazed-720p-eng.mp4,http://media2.ldscdn.org/assets/general-conference/april-2015-general-conference/2015-04-2031-i-stand-all-amazed-360p-eng.mp4,2015-04-2031-i-stand-all-amazed-720p-eng.mp4,"/Audio/General Conference/2015-April/03-Sat PM",http://media2.ldscdn.org/assets/general-conference/april-2015-general-conference/2015-04-2031-i-stand-all-amazed-256k-eng.mp3,,,"Saturday Afternoon Session April 2015",20150419,https://youtu.be/jPm-h4j9OqY,A2B50A05-1BD7-4B6B-8E46-A6674D2F659A
"We Thank Thee, O God, for a Prophet","/Videos/General Conference/2015-April/02-Sat AM",http://media2.ldscdn.org/assets/general-conference/april-2015-general-conference/2015-04-2051-we-thank-thee-o-god-for-a-prophet-1080p-eng.mp4,http://media2.ldscdn.org/assets/general-conference/april-2015-general-conference/2015-04-2051-we-thank-thee-o-god-for-a-prophet-720p-eng.mp4,http://media2.ldscdn.org/assets/general-conference/april-2015-general-conference/2015-04-2051-we-thank-thee-o-god-for-a-prophet-360p-eng.mp4,2015-04-2051-we-thank-thee-o-god-for-a-prophet-720p-eng.mp4,"/Audio/General Conference/2015-April/02-Sat AM",http://media2.ldscdn.org/assets/general-conference/april-2015-general-conference/2015-04-2051-we-thank-thee-o-god-for-a-prophet-256k-eng.mp3,,,"Saturday Afternoon Session April 2015",20150420,https://youtu.be/Cux2bjwSoZs,BEB1A197-60A3-4478-AC8F-27DAE1F0DEAE
"Let Us All Press On","/Videos/General Conference/2015-April/03-Sat PM",http://media2.ldscdn.org/assets/general-conference/april-2015-general-conference/2015-04-2091-let-us-all-press-on-1080p-eng.mp4,http://media2.ldscdn.org/assets/general-conference/april-2015-general-conference/2015-04-2091-let-us-all-press-on-720p-eng.mp4,http://media2.ldscdn.org/assets/general-conference/april-2015-general-conference/2015-04-2091-let-us-all-press-on-360p-eng.mp4,2015-04-2091-let-us-all-press-on-720p-eng.mp4,"/Audio/General Conference/2015-April/03-Sat PM",http://media2.ldscdn.org/assets/general-conference/april-2015-general-conference/2015-04-2091-let-us-all-press-on-256k-eng.mp3,,,"Saturday Afternoon Session April 2015",20150420,https://youtu.be/uxdsKUTTq_A,AF7A2568-5F21-4C45-BE98-3061FA588B96
"The Eternal Perspective of the Gospel","/Videos/General Conference/2015-April/06-Sun PM",,http://media2.ldscdn.org/assets/general-conference/april-2015-general-conference/2015-04-5030-elder-rafael-e-pino-720p-eng.mp4,,2015-04-5030-elder-rafael-e-pino-720p-eng.mp4,,,,,"Saturday Afternoon Session April 2015",20150716,,
"“Is Not This the Fast That I Have Chosen?”","/Videos/General Conference/2015-April/02-Sat AM",http://media2.ldscdn.org/assets/general-conference/april-2015-general-conference/2015-04-1010-president-henry-b-eyring-1080p-eng.mp4,http://media2.ldscdn.org/assets/general-conference/april-2015-general-conference/2015-04-1010-president-henry-b-eyring-720p-eng.mp4,http://media2.ldscdn.org/assets/general-conference/april-2015-general-conference/2015-04-1010-president-henry-b-eyring-360p-eng.mp4,2015-04-1010-president-henry-b-eyring-720p-eng.mp4,"/Audio/General Conference/2015-April/02-Sat AM",http://media2.ldscdn.org/assets/general-conference/april-2015-general-conference/2015-04-1010-president-henry-b-eyring-64k-eng.mp3,"/Docs/General Conference/2015-April/02-Sat AM",http://media.ldscdn.org/pdf/general-conference/april-2015-general-conference/2015-04-1010-president-henry-b-eyring-eng.pdf,"Saturday Morning Session April 2015",20150412,https://youtu.be/dwkK3M7gOcs,19DBF36C-A635-4DA2-A42F-B83EFCEE1863
"Guide Us, O Thou Great Jehovah","/Videos/General Conference/2015-April/02-Sat AM",http://media2.ldscdn.org/assets/general-conference/april-2015-general-conference/2015-04-1001-guide-us-o-thou-great-jehovah-1080p-eng.mp4,http://media2.ldscdn.org/assets/general-conference/april-2015-general-conference/2015-04-1001-guide-us-o-thou-great-jehovah-720p-eng.mp4,http://media2.ldscdn.org/assets/general-conference/april-2015-general-conference/2015-04-1001-guide-us-o-thou-great-jehovah-360p-eng.mp4,2015-04-1001-guide-us-o-thou-great-jehovah-720p-eng.mp4,"/Audio/General Conference/2015-April/02-Sat AM",http://media2.ldscdn.org/assets/general-conference/april-2015-general-conference/2015-04-1001-guide-us-o-thou-great-jehovah-256k-eng.mp3,,,"Saturday Morning Session April 2015",20150412,https://youtu.be/q-X6KfsIdUk,9F7872D7-227E-4F7A-AD55-89FC6BA5F63A
"Glory to God on High","/Videos/General Conference/2015-April/02-Sat AM",http://media2.ldscdn.org/assets/general-conference/april-2015-general-conference/2015-04-1002-glory-to-god-on-high-1080p-eng.mp4,http://media2.ldscdn.org/assets/general-conference/april-2015-general-conference/2015-04-1002-glory-to-god-on-high-720p-eng.mp4,http://media2.ldscdn.org/assets/general-conference/april-2015-general-conference/2015-04-1002-glory-to-god-on-high-360p-eng.mp4,2015-04-1002-glory-to-god-on-high-720p-eng.mp4,"/Audio/General Conference/2015-April/02-Sat AM",http://media2.ldscdn.org/assets/general-conference/april-2015-general-conference/2015-04-1002-glory-to-god-on-high-256k-eng.mp3,,,"Saturday Morning Session April 2015",20150412,https://youtu.be/xa2k-kg_k-Q,3DE542D2-AECA-43BA-B8E0-1059DC891AC8
"Have I Done Any Good?","/Videos/General Conference/2015-April/02-Sat AM",http://media2.ldscdn.org/assets/general-conference/april-2015-general-conference/2015-04-1011-have-i-done-any-good-1080p-eng.mp4,http://media2.ldscdn.org/assets/general-conference/april-2015-general-conference/2015-04-1011-have-i-done-any-good-720p-eng.mp4,http://media2.ldscdn.org/assets/general-conference/april-2015-general-conference/2015-04-1011-have-i-done-any-good-360p-eng.mp4,2015-04-1011-have-i-done-any-good-720p-eng.mp4,"/Audio/General Conference/2015-April/02-Sat AM",http://media2.ldscdn.org/assets/general-conference/april-2015-general-conference/2015-04-1011-have-i-done-any-good-256k-eng.mp3,,,"Saturday Morning Session April 2015",20150412,https://youtu.be/z7ZqvXaS-mw,9A128D7A-DF58-4B85-919D-3360613768B2
"We’ll Ascend Together","/Videos/General Conference/2015-April/02-Sat AM",http://media2.ldscdn.org/assets/general-conference/april-2015-general-conference/2015-04-1030-linda-k-burton-1080p-eng.mp4,http://media2.ldscdn.org/assets/general-conference/april-2015-general-conference/2015-04-1030-linda-k-burton-720p-eng.mp4,http://media2.ldscdn.org/assets/general-conference/april-2015-general-conference/2015-04-1030-linda-k-burton-360p-eng.mp4,2015-04-1030-linda-k-burton-720p-eng.mp4,"/Audio/General Conference/2015-April/02-Sat AM",http://media2.ldscdn.org/assets/general-conference/april-2015-general-conference/2015-04-1030-linda-k-burton-64k-eng.mp3,,,"Saturday Morning Session April 2015",20150419,https://youtu.be/MdLpmNKhXdc,68FBF5D2-EEC4-4C79-8980-C1357E2E712B
"The Plan of Happiness","/Videos/General Conference/2015-April/02-Sat AM",http://media2.ldscdn.org/assets/general-conference/april-2015-general-conference/2015-04-1020-president-boyd-k-packer-1080p-eng.mp4,http://media2.ldscdn.org/assets/general-conference/april-2015-general-conference/2015-04-1020-president-boyd-k-packer-720p-eng.mp4,http://media2.ldscdn.org/assets/general-conference/april-2015-general-conference/2015-04-1020-president-boyd-k-packer-360p-eng.mp4,2015-04-1020-president-boyd-k-packer-720p-eng.mp4,"/Audio/General Conference/2015-April/02-Sat AM",http://media2.ldscdn.org/assets/general-conference/april-2015-general-conference/2015-04-1020-president-boyd-k-packer-64k-eng.mp3,"/Docs/General Conference/2015-April/02-Sat AM",http://media.ldscdn.org/pdf/general-conference/april-2015-general-conference/2015-04-1020-president-boyd-k-packer-eng.pdf,"Saturday Morning Session April 2015",20150415,https://youtu.be/wD1FREzLj54,E8EF352D-ED42-4C04-A5C6-79177CC8DE7A
"The Parable of the Sower","/Videos/General Conference/2015-April/02-Sat AM",http://media2.ldscdn.org/assets/general-conference/april-2015-general-conference/2015-04-1040-elder-dallin-h-oaks-1080p-eng.mp4,http://media2.ldscdn.org/assets/general-conference/april-2015-general-conference/2015-04-1040-elder-dallin-h-oaks-720p-eng.mp4,http://media2.ldscdn.org/assets/general-conference/april-2015-general-conference/2015-04-1040-elder-dallin-h-oaks-360p-eng.mp4,2015-04-1040-elder-dallin-h-oaks-720p-eng.mp4,"/Audio/General Conference/2015-April/02-Sat AM",http://media2.ldscdn.org/assets/general-conference/april-2015-general-conference/2015-04-1040-elder-dallin-h-oaks-64k-eng.mp3,"/Docs/General Conference/2015-April/02-Sat AM",http://media.ldscdn.org/pdf/general-conference/april-2015-general-conference/2015-04-1040-elder-dallin-h-oaks-eng.pdf,"Saturday Morning Session April 2015",20150415,https://youtu.be/GedRwVzuUcQ,207D9653-6BFA-4F87-A208-FD888DA1CD57
"Choose to Believe","/Videos/General Conference/2015-April/02-Sat AM",http://media2.ldscdn.org/assets/general-conference/april-2015-general-conference/2015-04-1050-elder-l-whitney-clayton-1080p-eng.mp4,http://media2.ldscdn.org/assets/general-conference/april-2015-general-conference/2015-04-1050-elder-l-whitney-clayton-720p-eng.mp4,http://media2.ldscdn.org/assets/general-conference/april-2015-general-conference/2015-04-1050-elder-l-whitney-clayton-360p-eng.mp4,2015-04-1050-elder-l-whitney-clayton-360p-eng.mp4,"/Audio/General Conference/2015-April/02-Sat AM",http://media2.ldscdn.org/assets/general-conference/april-2015-general-conference/2015-04-1050-elder-l-whitney-clayton-64k-eng.mp3,,,"Saturday Morning Session April 2015",20150415,,FD32B36DE3314203B4B2EA3A9ED0B6BC
"Why Marriage and Family Matter—Everywhere in the World","/Videos/General Conference/2015-April/02-Sat AM",http://media2.ldscdn.org/assets/general-conference/april-2015-general-conference/2015-04-1060-elder-l-tom-perry-1080p-eng.mp4,http://media2.ldscdn.org/assets/general-conference/april-2015-general-conference/2015-04-1060-elder-l-tom-perry-720p-eng.mp4,http://media2.ldscdn.org/assets/general-conference/april-2015-general-conference/2015-04-1060-elder-l-tom-perry-360p-eng.mp4,2015-04-1060-elder-l-tom-perry-720p-eng.mp4,"/Audio/General Conference/2015-April/02-Sat AM",http://media2.ldscdn.org/assets/general-conference/april-2015-general-conference/2015-04-1060-elder-l-tom-perry-64k-eng.mp3,,,"Saturday Morning Session April 2015",20150415,,
"Come unto Jesus","/Videos/General Conference/2015-April/02-Sat AM",http://media2.ldscdn.org/assets/general-conference/april-2015-general-conference/2015-04-1051-come-unto-jesus-1080p-eng.mp4,http://media2.ldscdn.org/assets/general-conference/april-2015-general-conference/2015-04-1051-come-unto-jesus-720p-eng.mp4,http://media2.ldscdn.org/assets/general-conference/april-2015-general-conference/2015-04-1051-come-unto-jesus-360p-eng.mp4,2015-04-1051-come-unto-jesus-720p-eng.mp4,"/Audio/General Conference/2015-April/02-Sat AM",http://media2.ldscdn.org/assets/general-conference/april-2015-general-conference/2015-04-1051-come-unto-jesus-256k-eng.mp3,,,"Saturday Morning Session April 2015",20150416,https://youtu.be/Yig4Q06m8B0,D108460C-6198-4C17-B673-CF1C311C6FFC
"I Believe in Christ","/Videos/General Conference/2015-April/02-Sat AM",http://media2.ldscdn.org/assets/general-conference/april-2015-general-conference/2015-04-1061-i-believe-in-christ-1080p-eng.mp4,http://media2.ldscdn.org/assets/general-conference/april-2015-general-conference/2015-04-1061-i-believe-in-christ-720p-eng.mp4,http://media2.ldscdn.org/assets/general-conference/april-2015-general-conference/2015-04-1061-i-believe-in-christ-360p-eng.mp4,2015-04-1061-i-believe-in-christ-720p-eng.mp4,"/Audio/General Conference/2015-April/02-Sat AM",http://media2.ldscdn.org/assets/general-conference/april-2015-general-conference/2015-04-1061-i-believe-in-christ-256k-eng.mp3,,,"Saturday Morning Session April 2015",20150416,https://youtu.be/nnW0G6ledwc,4F37BF7E-94B4-48C6-ABB0-152F96127856
"High on the Mountain Top","/Videos/General Conference/2015-April/02-Sat AM",http://media2.ldscdn.org/assets/general-conference/april-2015-general-conference/2015-04-1031-high-on-the-mountain-top-1080p-eng.mp4,http://media2.ldscdn.org/assets/general-conference/april-2015-general-conference/2015-04-1031-high-on-the-mountain-top-720p-eng.mp4,http://media2.ldscdn.org/assets/general-conference/april-2015-general-conference/2015-04-1031-high-on-the-mountain-top-360p-eng.mp4?download=true,2015-04-1031-high-on-the-mountain-top-720p-eng.mp4,"/Audio/General Conference/2015-April/02-Sat AM",http://media2.ldscdn.org/assets/general-conference/april-2015-general-conference/2015-04-1031-high-on-the-mountain-top-256k-eng.mp3,,,"Saturday Morning Session April 2015",20150315,https://youtu.be/ncL1BIcwJVs,0F9742316-19A1-437A-AB1D-AD210A54E4ABE
"Preserving Agency, Protecting Religious Freedom","/Videos/General Conference/2015-April/06-Sun PM",http://media2.ldscdn.org/assets/general-conference/april-2015-general-conference/2015-04-5010-elder-robert-d-hales-1080p-eng.mp4,http://media2.ldscdn.org/assets/general-conference/april-2015-general-conference/2015-04-5010-elder-robert-d-hales-720p-eng.mp4,http://media2.ldscdn.org/assets/general-conference/april-2015-general-conference/2015-04-5010-elder-robert-d-hales-360p-eng.mp4,2015-04-5010-elder-robert-d-hales-720p-eng.mp4,"/Audio/General Conference/2015-April/06-Sun PM",http://media2.ldscdn.org/assets/general-conference/april-2015-general-conference/2015-04-5010-elder-robert-d-hales-64k-eng.mp3,,,"Sunday Afternoon Session April 2015",20150417,https://youtu.be/uDcd-hP-md0,6A61E92A-9F29-4E37-A186-145DB27623EF
"Stay by the Tree","/Videos/General Conference/2015-April/06-Sun PM",http://media2.ldscdn.org/assets/general-conference/april-2015-general-conference/2015-04-5020-elder-kevin-w-pearson-1080p-eng.mp4,http://media2.ldscdn.org/assets/general-conference/april-2015-general-conference/2015-04-5020-elder-kevin-w-pearson-720p-eng.mp4,http://media2.ldscdn.org/assets/general-conference/april-2015-general-conference/2015-04-5020-elder-kevin-w-pearson-360p-eng.mp4,2015-04-5020-elder-kevin-w-pearson-720p-eng.mp4,"/Audio/General Conference/2015-April/06-Sun PM",http://media2.ldscdn.org/assets/general-conference/april-2015-general-conference/2015-04-5020-elder-kevin-w-pearson-64k-eng.mp3,,,"Sunday Afternoon Session April 2015",20150417,https://youtu.be/9CfmWjEHdJA,83FF3F20-0603-427D-93F0-868CA581E1AA
"The Sabbath Is a Delight","/Videos/General Conference/2015-April/06-Sun PM",http://media2.ldscdn.org/assets/general-conference/april-2015-general-conference/2015-04-5070-elder-russell-m-nelson-1080p-eng.mp4,http://media2.ldscdn.org/assets/general-conference/april-2015-general-conference/2015-04-5070-elder-russell-m-nelson-720p-eng.mp4,http://media2.ldscdn.org/assets/general-conference/april-2015-general-conference/2015-04-5070-elder-russell-m-nelson-360p-eng.mp4,2015-04-5070-elder-russell-m-nelson-720p-eng.mp4,"/Audio/General Conference/2015-April/06-Sun PM",http://media2.ldscdn.org/assets/general-conference/april-2015-general-conference/2015-04-5070-elder-russell-m-nelson-64k-eng.mp3,"/Docs/General Conference/2015-April/06-Sun PM",http://media.ldscdn.org/pdf/general-conference/april-2015-general-conference/2015-04-5070-elder-russell-m-nelson-eng.pdf,"Sunday Afternoon Session April 2015",20150422,https://youtu.be/ebNorNMKlwA,2C23D6DE-3064-4019-A7C2-DD8082DC72D7
"If You Will Be Responsible","/Videos/General Conference/2015-April/06-Sun PM",http://media2.ldscdn.org/assets/general-conference/april-2015-general-conference/2015-04-5050-elder-jorge-f-zeballos-1080p-eng.mp4,http://media2.ldscdn.org/assets/general-conference/april-2015-general-conference/2015-04-5050-elder-jorge-f-zeballos-720p-eng.mp4,http://media2.ldscdn.org/assets/general-conference/april-2015-general-conference/2015-04-5050-elder-jorge-f-zeballos-360p-eng.mp4,2015-04-5050-elder-jorge-f-zeballos-720p-eng.mp4,"/Audio/General Conference/2015-April/06-Sun PM",http://media2.ldscdn.org/assets/general-conference/april-2015-general-conference/2015-04-5050-elder-jorge-f-zeballos-64k-eng.mp3,"/Docs/General Conference/2015-April/06-Sun PM",http://media.ldscdn.org/pdf/general-conference/april-2015-general-conference/2015-04-5050-elder-jorge-f-zeballos-eng.pdf,"Sunday Afternoon Session April 2015",20150424,https://youtu.be/yTTGzl9f9fs,AFD6EC52-1AFA-4BCC-96CE-8DDA8FEFEB1E
"Be Fruitful, Multiply, and Subdue the Earth","/Videos/General Conference/2015-April/06-Sun PM",http://media2.ldscdn.org/assets/general-conference/april-2015-general-conference/2015-04-5060-elder-joseph-w-sitati-1080p-eng.mp4,http://media2.ldscdn.org/assets/general-conference/april-2015-general-conference/2015-04-5060-elder-joseph-w-sitati-720p-eng.mp4,http://media2.ldscdn.org/assets/general-conference/april-2015-general-conference/2015-04-5060-elder-joseph-w-sitati-360p-eng.mp4,2015-04-5060-elder-joseph-w-sitati-720p-eng.mp4,"/Audio/General Conference/2015-April/06-Sun PM",http://media2.ldscdn.org/assets/general-conference/april-2015-general-conference/2015-04-5060-elder-joseph-w-sitati-64k-eng.mp3,"/Docs/General Conference/2015-April/06-Sun PM",http://media.ldscdn.org/pdf/general-conference/april-2015-general-conference/2015-04-5060-elder-joseph-w-sitati-eng.pdf,"Sunday Afternoon Session April 2015",20150424,https://youtu.be/EM0DIFUsOX0,4407C6EF-5122-45DC-8B1E-52E1BCEDDA57
"Thy Kingdom Come","/Videos/General Conference/2015-April/06-Sun PM ",http://media2.ldscdn.org/assets/general-conference/april-2015-general-conference/2015-04-5040-elder-neil-l-andersen-1080p-eng.mp4,http://media2.ldscdn.org/assets/general-conference/april-2015-general-conference/2015-04-5040-elder-neil-l-andersen-720p-eng.mp4,http://media2.ldscdn.org/assets/general-conference/april-2015-general-conference/2015-04-5040-elder-neil-l-andersen-360p-eng.mp4,2015-04-5040-elder-neil-l-andersen-720p-eng.mp4,"/Audio/General Conference/2015-April/06-Sun PM ",http://media2.ldscdn.org/assets/general-conference/april-2015-general-conference/2015-04-5040-elder-neil-l-andersen-64k-eng.mp3,"/Docs/General Conference/2015-April/06-Sun PM ",http://media.ldscdn.org/pdf/general-conference/april-2015-general-conference/2015-04-5040-elder-neil-l-andersen-eng.pdf,"Sunday Afternoon Session April 2015",20150427,https://youtu.be/MJzT2JO-KIo,E4F3635A-5364-4F83-AD26-B1D99B4AE595
"Lord, I Would Follow Thee","/Videos/General Conference/2015-April/06-Sun PM ",http://media2.ldscdn.org/assets/general-conference/april-2015-general-conference/2015-04-5071-lord-i-would-follow-thee-1080p-eng.mp4,http://media2.ldscdn.org/assets/general-conference/april-2015-general-conference/2015-04-5071-lord-i-would-follow-thee-720p-eng.mp4,http://media2.ldscdn.org/assets/general-conference/april-2015-general-conference/2015-04-5071-lord-i-would-follow-thee-360p-eng.mp4,2015-04-5071-lord-i-would-follow-thee-720p-eng.mp4,"/Audio/General Conference/2015-April/06-Sun PM ",http://media2.ldscdn.org/assets/general-conference/april-2015-general-conference/2015-04-5071-lord-i-would-follow-thee-256k-eng.mp3,,,"Sunday Afternoon Session April 2015",20150427,https://youtu.be/m_Yi1WU2oPk,584110D2-48B6-4C60-AC41-6601AF76AF65
"Tell Me the Stories of Jesus","/Videos/General Conference/2015-April/06-Sun PM ",http://media2.ldscdn.org/assets/general-conference/april-2015-general-conference/2015-04-5051-tell-me-the-stories-of-jesus-1080p-eng.mp4,http://media2.ldscdn.org/assets/general-conference/april-2015-general-conference/2015-04-5051-tell-me-the-stories-of-jesus-720p-eng.mp4,http://media2.ldscdn.org/assets/general-conference/april-2015-general-conference/2015-04-5051-tell-me-the-stories-of-jesus-360p-eng.mp4,2015-04-5051-tell-me-the-stories-of-jesus-720p-eng.mp4,"/Audio/General Conference/2015-April/06-Sun PM ",http://media2.ldscdn.org/assets/general-conference/april-2015-general-conference/2015-04-5051-tell-me-the-stories-of-jesus-256k-eng.mp3,,,"Sunday Afternoon Session April 2015",20150428,https://youtu.be/ZKthub4AmGI,9FC6A6A2-C6E3-497B-9216-50F88F28DD0D
"Come, O Thou King of Kings","/Videos/General Conference/2015-April/06-Sun PM ",http://media2.ldscdn.org/assets/general-conference/april-2015-general-conference/2015-04-5031-come-o-thou-king-of-kings-1080p-eng.mp4,http://media2.ldscdn.org/assets/general-conference/april-2015-general-conference/2015-04-5031-come-o-thou-king-of-kings-720p-eng.mp4,http://media2.ldscdn.org/assets/general-conference/april-2015-general-conference/2015-04-5031-come-o-thou-king-of-kings-360p-eng.mp4,2015-04-5031-come-o-thou-king-of-kings-720p-eng.mp4,"/Audio/General Conference/2015-April/06-Sun PM ",http://media2.ldscdn.org/assets/general-conference/april-2015-general-conference/2015-04-5031-come-o-thou-king-of-kings-256k-eng.mp3,,,"Sunday Afternoon Session April 2015",20150430,https://youtu.be/wK-q6fCi-Eg,4CE8223A-3BB6-48AB-9D0E-2F88960A63CA
"He Sent His Son","/Videos/General Conference/2015-April/06-Sun PM ",http://media2.ldscdn.org/assets/general-conference/april-2015-general-conference/2015-04-5002-he-sent-his-son-1080p-eng.mp4,http://media2.ldscdn.org/assets/general-conference/april-2015-general-conference/2015-04-5002-he-sent-his-son-720p-eng.mp4,http://media2.ldscdn.org/assets/general-conference/april-2015-general-conference/2015-04-5002-he-sent-his-son-360p-eng.mp4,2015-04-5002-he-sent-his-son-720p-eng.mp4,"/Audio/General Conference/2015-April/06-Sun PM ",http://media2.ldscdn.org/assets/general-conference/april-2015-general-conference/2015-04-5002-he-sent-his-son-256k-eng.mp3,,,"Sunday Afternoon Session April 2015",20150430,https://youtu.be/eMO3MHI703I,DF2DB095-B77D-4925-95F0-566D10108811
"My Redeemer Lives","/Videos/General Conference/2015-April/06-Sun PM ",http://media2.ldscdn.org/assets/general-conference/april-2015-general-conference/2015-04-5001-my-redeemer-lives-1080p-eng.mp4,http://media2.ldscdn.org/assets/general-conference/april-2015-general-conference/2015-04-5001-my-redeemer-lives-720p-eng.mp4,http://media2.ldscdn.org/assets/general-conference/april-2015-general-conference/2015-04-5001-my-redeemer-lives-360p-eng.mp4,2015-04-5001-my-redeemer-lives-720p-eng.mp4,"/Audio/General Conference/2015-April/06-Sun PM",http://media2.ldscdn.org/assets/general-conference/april-2015-general-conference/2015-04-5001-my-redeemer-lives-256k-eng.mp3,,,"Sunday Afternoon Session April 2015",20150430,https://youtu.be/VCBr2G0EyCs,DED20BE9-5396-4580-8A80-8FFB6DF39D62
"Blessings of the Temple","/Videos/General Conference/2015-April/05-Sun AM",http://media2.ldscdn.org/assets/general-conference/april-2015-general-conference/2015-04-4010-president-thomas-s-monson-1080p-eng.mp4,http://media2.ldscdn.org/assets/general-conference/april-2015-general-conference/2015-04-4010-president-thomas-s-monson-720p-eng.mp4,http://media2.ldscdn.org/assets/general-conference/april-2015-general-conference/2015-04-4010-president-thomas-s-monson-360p-eng.mp4,2015-04-4010-president-thomas-s-monson-720p-eng.mp4,"/Audio/General Conference/2015-April/05-Sun AM",http://media2.ldscdn.org/assets/general-conference/april-2015-general-conference/2015-04-4010-president-thomas-s-monson-64k-eng.mp3,"/Docs/General Conference/2015-April/05-Sun AM",http://media.ldscdn.org/pdf/general-conference/april-2015-general-conference/2015-04-4010-president-thomas-s-monson-eng.pdf,"Sunday Morning Session April 2015",20150417,https://youtu.be/Jb9qpw0DQ9I,6BB7C37C-D63C-4D98-8896-1FDD9281698E
"Returning to Faith","/Videos/General Conference/2015-April/05-Sun AM",http://media2.ldscdn.org/assets/general-conference/april-2015-general-conference/2015-04-4020-rosemary-m-wixom-1080p-eng.mp4,http://media2.ldscdn.org/assets/general-conference/april-2015-general-conference/2015-04-4020-rosemary-m-wixom-720p-eng.mp4,http://media2.ldscdn.org/assets/general-conference/april-2015-general-conference/2015-04-4020-rosemary-m-wixom-360p-eng.mp4,2015-04-4020-rosemary-m-wixom-720p-eng.mp4,"/Audio/General Conference/2015-April/05-Sun AM",http://media2.ldscdn.org/assets/general-conference/april-2015-general-conference/2015-04-4020-rosemary-m-wixom-64k-eng.mp3,"/Docs/General Conference/2015-April/05-Sun AM",http://media.ldscdn.org/pdf/general-conference/april-2015-general-conference/2015-04-4020-rosemary-m-wixom-eng.pdf,"Sunday Morning Session April 2015",20150716,https://youtu.be/trPDvrWC9vM,CADDEDBA-FA08-4F4A-BBD5-8F9ABAFF42F0
"Seeking the Lord","/Videos/General Conference/2015-April/05-Sun AM",http://media2.ldscdn.org/assets/general-conference/april-2015-general-conference/2015-04-4030-elder-jose-a-teixeira-1080p-eng.mp4,http://media2.ldscdn.org/assets/general-conference/april-2015-general-conference/2015-04-4030-elder-jose-a-teixeira-720p-eng.mp4,http://media2.ldscdn.org/assets/general-conference/april-2015-general-conference/2015-04-4030-elder-jose-a-teixeira-360p-eng.mp4,2015-04-4030-elder-jose-a-teixeira-720p-eng.mp4,"/Audio/General Conference/2015-April/05-Sun AM",http://media2.ldscdn.org/assets/general-conference/april-2015-general-conference/2015-04-4030-elder-jose-a-teixeira-64k-eng.mp3,"/Docs/General Conference/2015-April/05-Sun AM",http://media.ldscdn.org/pdf/general-conference/april-2015-general-conference/2015-04-4030-elder-jose-a-teixeira-eng.pdf,"Sunday Morning Session April 2015",20150418,https://youtu.be/njF2VehjQ8g,E083784CDDBA4E6B8B7FA77030B19DDA
"Is It Still Wonderful to You?","/Videos/General Conference/2015-April/05-Sun AM",http://media2.ldscdn.org/assets/general-conference/april-2015-general-conference/2015-04-4040-bishop-gerald-causse-1080p-eng.mp4,http://media2.ldscdn.org/assets/general-conference/april-2015-general-conference/2015-04-4040-bishop-gerald-causse-720p-eng.mp4,http://media2.ldscdn.org/assets/general-conference/april-2015-general-conference/2015-04-4040-bishop-gerald-causse-360p-eng.mp4,2015-04-4040-bishop-gerald-causse-720p-eng.mp4,"/Audio/General Conference/2015-April/05-Sun AM",http://media2.ldscdn.org/assets/general-conference/april-2015-general-conference/2015-04-4040-bishop-gerald-causse-64k-eng.mp3,,,"Sunday Morning Session April 2015",20150418,https://youtu.be/QvQCkimFsYo,FA9F699E-1F86-4A3E-BC66-343D7F4DAA30
"Waiting for the Prodigal","/Videos/General Conference/2015-April/06-Sun PM",http://media2.ldscdn.org/assets/general-conference/april-2015-general-conference/2015-04-4050-elder-brent-h-nielson-1080p-eng.mp4,http://media2.ldscdn.org/assets/general-conference/april-2015-general-conference/2015-04-4050-elder-brent-h-nielson-720p-eng.mp4,http://media2.ldscdn.org/assets/general-conference/april-2015-general-conference/2015-04-4050-elder-brent-h-nielson-360p-eng.mp4,2015-04-4050-elder-brent-h-nielson-720p-eng.mp4,"/Audio/General Conference/2015-April/06-Sun PM",http://media2.ldscdn.org/assets/general-conference/april-2015-general-conference/2015-04-4050-elder-brent-h-nielson-64k-eng.mp3,,,"Sunday Morning Session April 2015",20150418,https://youtu.be/-__KPJhatWk,2E570363-B356-448D-8319-91A87A9AE33E
"Where Justice, Love, and Mercy Meet","/Videos/General Conference/2015-April/05-Sun AM",http://media2.ldscdn.org/assets/general-conference/april-2015-general-conference/2015-04-4060-elder-jeffrey-r-holland-1080p-eng.mp4,http://media2.ldscdn.org/assets/general-conference/april-2015-general-conference/2015-04-4060-elder-jeffrey-r-holland-720p-eng.mp4,http://media2.ldscdn.org/assets/general-conference/april-2015-general-conference/2015-04-4060-elder-jeffrey-r-holland-360p-eng.mp4,2015-04-4060-elder-jeffrey-r-holland-720p-eng.mp4,"/Audio/General Conference/2015-April/05-Sun AM",http://media2.ldscdn.org/assets/general-conference/april-2015-general-conference/2015-04-4060-elder-jeffrey-r-holland-64k-eng.mp3,"/Docs/General Conference/2015-April/05-Sun AM",http://media.ldscdn.org/pdf/general-conference/april-2015-general-conference/2015-04-4060-elder-jeffrey-r-holland-eng.pdf,"Sunday Morning Session April 2015",20150419,https://youtu.be/neDaRXAh7a4,010D4D6F-2273-461B-927D-CF1AFE17C116
"The Gift of Grace","/Videos/General Conference/2015-April/05-Sun AM",http://media2.ldscdn.org/assets/general-conference/april-2015-general-conference/2015-04-4070-president-dieter-f-uchtdorf-1080p-eng.mp4,http://media2.ldscdn.org/assets/general-conference/april-2015-general-conference/2015-04-4070-president-dieter-f-uchtdorf-720p-eng.mp4,http://media2.ldscdn.org/assets/general-conference/april-2015-general-conference/2015-04-4070-president-dieter-f-uchtdorf-360p-eng.mp4,2015-04-4070-president-dieter-f-uchtdorf-720p-eng.mp4,"/Audio/General Conference/2015-April/05-Sun AM",http://media2.ldscdn.org/assets/general-conference/april-2015-general-conference/2015-04-4070-president-dieter-f-uchtdorf-64k-eng.mp3,"/Docs/General Conference/2015-April/05-Sun AM",http://media.ldscdn.org/pdf/general-conference/april-2015-general-conference/2015-04-4070-president-dieter-f-uchtdorf-eng.pdf,"Sunday Morning Session April 2015",20150419,https://youtu.be/hbypUwECb8E,3664CD41-4EEF-4BE1-BB5E-7AC71939DF1C
"Rejoice, the Lord Is King!","/Videos/General Conference/2015-April/05-Sun AM",http://media2.ldscdn.org/assets/general-conference/april-2015-general-conference/2015-04-4001-rejoice-the-lord-is-king-1080p-eng.mp4,http://media2.ldscdn.org/assets/general-conference/april-2015-general-conference/2015-04-4001-rejoice-the-lord-is-king-720p-eng.mp4,http://media2.ldscdn.org/assets/general-conference/april-2015-general-conference/2015-04-4001-rejoice-the-lord-is-king-360p-eng.mp4,2015-04-4001-rejoice-the-lord-is-king-720p-eng.mp4,"/Audio/General Conference/2015-April/05-Sun AM",http://media2.ldscdn.org/assets/general-conference/april-2015-general-conference/2015-04-4001-rejoice-the-lord-is-king-256k-eng.mp3,,,"Sunday Morning Session April 2015",20150419,https://youtu.be/_82q0Frxbas,513E3499-40AA-4283-907B-EF65E23FA052
"He is Risen","/Videos/General Conference/2015-April/05-Sun AM",http://media2.ldscdn.org/assets/general-conference/april-2015-general-conference/2015-04-4002-he-is-risen-1080p-eng.mp4,http://media2.ldscdn.org/assets/general-conference/april-2015-general-conference/2015-04-4002-he-is-risen-720p-eng.mp4,http://media2.ldscdn.org/assets/general-conference/april-2015-general-conference/2015-04-4002-he-is-risen-360p-eng.mp4,2015-04-4002-he-is-risen-720p-eng.mp4,"/Audio/General Conference/2015-April/05-Sun AM",http://media2.ldscdn.org/assets/general-conference/april-2015-general-conference/2015-04-4002-he-is-risen-256k-eng.mp3,,,"Sunday Morning Session April 2015",20150419,https://youtu.be/kgEFoOLWCdk,E4CF196D-E210-47A7-94D2-8EE801C9163F
"Consider the Lilies","/Videos/General Conference/2015-April/05-Sun AM",http://media2.ldscdn.org/assets/general-conference/april-2015-general-conference/2015-04-4003-consider-the-lilies-1080p-eng.mp4,"http://media2.ldscdn.org/assets/general-conference/april-2015-general-conference/2015-04-4003-consider-the-lilies-720p-eng.mp4 ",http://media2.ldscdn.org/assets/general-conference/april-2015-general-conference/2015-04-4003-consider-the-lilies-360p-eng.mp4,"2015-04-4003-consider-the-lilies-720p-eng.mp4 ","/Audio/General Conference/2015-April/05-Sun AM",http://media2.ldscdn.org/assets/general-conference/april-2015-general-conference/2015-04-4003-consider-the-lilies-256k-eng.mp3,,,"Sunday Morning Session April 2015",20150420,https://youtu.be/8EHQFb7f9CU,534A7881-42BA-4760-B753-898534C27F45
"I Know That My Redeemer Lives","/Videos/General Conference/2015-April/05-Sun AM",http://media2.ldscdn.org/assets/general-conference/april-2015-general-conference/2015-04-4031-i-know-that-my-redeemer-lives-1080p-eng.mp4,http://media2.ldscdn.org/assets/general-conference/april-2015-general-conference/2015-04-4031-i-know-that-my-redeemer-lives-720p-eng.mp.4,http://media2.ldscdn.org/assets/general-conference/april-2015-general-conference/2015-04-4031-i-know-that-my-redeemer-lives-360p-eng.mp4,2015-04-4031-i-know-that-my-redeemer-lives-720p-eng.mp.4,"/Audio/General Conference/2015-April/05-Sun AM",http://media2.ldscdn.org/assets/general-conference/april-2015-general-conference/2015-04-4031-i-know-that-my-redeemer-lives-256k-eng.mp3,,,"Sunday Morning Session April 2015",20150420,https://youtu.be/XWEwXKw8-Do,17517537-7125-4D09-8EB7-DD4C9AE87643
"Jesus Has Risen","/Videos/General Conference/2015-April/05-Sun AM",http://media2.ldscdn.org/assets/general-conference/april-2015-general-conference/2015-04-4061-jesus-has-risen-1080p-eng.mp4,http://media2.ldscdn.org/assets/general-conference/april-2015-general-conference/2015-04-4061-jesus-has-risen-720p-eng.mp4,http://media2.ldscdn.org/assets/general-conference/april-2015-general-conference/2015-04-4061-jesus-has-risen-360p-eng.mp4,2015-04-4061-jesus-has-risen-720p-eng.mp4,"/Audio/General Conference/2015-April/05-Sun AM",http://media2.ldscdn.org/assets/general-conference/april-2015-general-conference/2015-04-4061-jesus-has-risen-256k-eng.mp3,,,"Sunday Morning Session April 2015",20150420,https://youtu.be/oVAl4Mf1BFQ,6A673295-32E8-446A-ADCE-6F640551024C
"Christ the Lord Is Risen Today","/Videos/General Conference/2015-April/05-Sun AM",http://media2.ldscdn.org/assets/general-conference/april-2015-general-conference/2015-04-4071-christ-the-lord-is-risen-today-1080p-eng.mp4,http://media2.ldscdn.org/assets/general-conference/april-2015-general-conference/2015-04-4071-christ-the-lord-is-risen-today-720p-eng.mp4,http://media2.ldscdn.org/assets/general-conference/april-2015-general-conference/2015-04-4071-christ-the-lord-is-risen-today-360p-eng.mp4,2015-04-4071-christ-the-lord-is-risen-today-720p-eng.mp4,"/Audio/General Conference/2015-April/05-Sun AM",http://media2.ldscdn.org/assets/general-conference/april-2015-general-conference/2015-04-4071-christ-the-lord-is-risen-today-256k-eng.mp3,,,"Sunday Morning Session April 2015",20150422,https://youtu.be/QMEXlPlCBR0,A85160B7-131E-42B8-A6A5-5D37680E913F
